{"initial_reset_timestamp": 1603629464.8358045, "timestamps": [1603629464.8393188, 1603629464.842386, 1603629464.8451438, 1603629464.846969, 1603629464.849914, 1603629464.8536499, 1603629464.8556907, 1603629464.858468, 1603629464.8619773, 1603629464.8650064, 1603629464.8700082, 1603629464.8727586, 1603629464.873671, 1603629464.876491, 1603629464.8791118, 1603629464.882111, 1603629464.884989, 1603629464.8866756, 1603629464.889607, 1603629464.8937106, 1603629464.8967018, 1603629464.8989866, 1603629464.9037743, 1603629464.9059412, 1603629464.908494, 1603629464.910698, 1603629464.912533, 1603629464.9164207, 1603629464.918192, 1603629464.920567, 1603629464.9231908, 1603629464.9269202, 1603629464.930343, 1603629464.9311306, 1603629464.9344459, 1603629464.9369898, 1603629464.9392118, 1603629464.94272, 1603629464.9490855, 1603629464.950916, 1603629464.9533818, 1603629464.957598, 1603629464.9609628, 1603629464.9614382, 1603629464.9638941, 1603629464.967389, 1603629464.9693134, 1603629464.9720953, 1603629464.9746962, 1603629464.977165, 1603629464.980235, 1603629464.9824796, 1603629464.9851234, 1603629464.9880295, 1603629464.990554, 1603629464.9944441, 1603629464.9964678, 1603629464.9988198, 1603629465.0019622, 1603629465.0032861, 1603629465.0040307, 1603629465.0060153, 1603629465.010339, 1603629465.0128264, 1603629465.0134242, 1603629465.0165014, 1603629465.0171957, 1603629465.0192544, 1603629465.0217402, 1603629465.0243282, 1603629465.0259666, 1603629465.0279179, 1603629465.0297117, 1603629465.031407, 1603629465.0323856, 1603629465.0348275, 1603629465.039237, 1603629465.0412185, 1603629465.0417862, 1603629465.045156, 1603629465.046888, 1603629465.048688, 1603629465.050391, 1603629465.0519059, 1603629465.0544446, 1603629465.0573514, 1603629465.0601203, 1603629465.0641022, 1603629465.066977, 1603629465.0700173, 1603629465.072291, 1603629465.0746236, 1603629465.076447, 1603629465.078727, 1603629465.080617, 1603629465.0832567, 1603629465.0841522, 1603629465.0854564, 1603629465.0876389, 1603629465.0905917, 1603629465.0925136, 1603629465.094469, 1603629465.096517, 1603629465.0974996, 1603629465.1011517, 1603629465.1031418, 1603629465.10554, 1603629465.1077104, 1603629465.1092806, 1603629465.1119199, 1603629465.1137695, 1603629465.1161242, 1603629465.1181104, 1603629465.120978, 1603629465.1244602, 1603629465.1269581, 1603629465.1291625, 1603629465.1310537, 1603629465.1337218, 1603629465.1371193, 1603629465.139374, 1603629465.1417875, 1603629465.1459274, 1603629465.1481452, 1603629465.1514719, 1603629465.1631832, 1603629465.170268, 1603629465.1730473, 1603629465.1753914, 1603629465.1785152, 1603629465.1819289, 1603629465.1847672, 1603629465.1893485, 1603629465.1928551, 1603629465.1954708, 1603629465.1962602, 1603629465.198858, 1603629465.2032256, 1603629465.2061248, 1603629465.2076132, 1603629465.210135, 1603629465.213034, 1603629465.2147782, 1603629465.2174866, 1603629465.2183366, 1603629465.2194407, 1603629465.221949, 1603629465.2237947, 1603629465.2273026, 1603629465.2305865, 1603629465.2325816, 1603629465.236193, 1603629465.2379596, 1603629465.2416327, 1603629465.24363, 1603629465.2498422, 1603629465.2503464, 1603629465.2535865, 1603629465.2548196, 1603629465.2578995, 1603629465.2620823, 1603629465.2641575, 1603629465.2695234, 1603629465.2720046, 1603629465.2753894, 1603629465.2776334, 1603629465.2810721, 1603629465.2835982, 1603629465.2864738, 1603629465.288803, 1603629465.2958007, 1603629465.2976227, 1603629465.3001971, 1603629465.3052075, 1603629465.3092022, 1603629465.311509, 1603629465.3140988, 1603629465.3172095, 1603629465.3199022, 1603629465.3228672, 1603629465.324599, 1603629465.325879, 1603629465.3291066, 1603629465.3337567, 1603629465.3379078, 1603629465.3413386, 1603629465.3423269, 1603629465.3447456, 1603629465.3468995, 1603629465.3503559, 1603629465.352705, 1603629465.3562634, 1603629465.3597448, 1603629465.3631132, 1603629465.3650138, 1603629465.3669267, 1603629465.3693273, 1603629465.3722575, 1603629465.3777692, 1603629465.3824353, 1603629465.3871844, 1603629465.3895485, 1603629465.393263, 1603629465.40067, 1603629465.4034672, 1603629465.4071653, 1603629465.411243, 1603629465.4150465, 1603629465.4192297, 1603629465.4221234, 1603629465.4240737, 1603629465.4269538, 1603629465.428973, 1603629465.4321384, 1603629465.433423, 1603629465.436272, 1603629465.438038, 1603629465.4390156, 1603629465.4408445, 1603629465.4427776, 1603629465.4448483, 1603629465.4477162, 1603629465.4483607, 1603629465.4514244, 1603629465.454145, 1603629465.4559233, 1603629465.4589725, 1603629465.4600153, 1603629465.4616609, 1603629465.4654222, 1603629465.4673738, 1603629465.4694424, 1603629465.4719777, 1603629465.4743822, 1603629465.47757, 1603629465.4846642, 1603629465.4867237, 1603629465.4897785, 1603629465.494883, 1603629465.4975958, 1603629465.5002356, 1603629465.5025387, 1603629465.5051699, 1603629465.5080938, 1603629465.5112855, 1603629465.5143373, 1603629465.5159407, 1603629465.5180387, 1603629465.5197976, 1603629465.5204139, 1603629465.5216699, 1603629465.5247092, 1603629465.527052, 1603629465.5290673, 1603629465.5329168, 1603629465.5360322, 1603629465.5388463, 1603629465.541441, 1603629465.543807, 1603629465.545313, 1603629465.5479178, 1603629465.5536702, 1603629465.5555403, 1603629465.5579574, 1603629465.5598476, 1603629465.5628114, 1603629465.565196, 1603629465.5656962, 1603629465.5692303, 1603629465.5713623, 1603629465.5732129, 1603629465.575733, 1603629465.5776005, 1603629465.5802763, 1603629465.5829678, 1603629465.5839531, 1603629465.587603, 1603629465.5882058, 1603629465.5906856, 1603629465.5932508, 1603629465.5958323, 1603629465.5970767, 1603629465.5993938, 1603629465.6014874, 1603629465.6036794, 1603629465.607166, 1603629465.6090841, 1603629465.6109834, 1603629465.6152334, 1603629465.6173317, 1603629465.6207302, 1603629465.6245918, 1603629465.625076, 1603629465.6293325, 1603629465.6320949, 1603629465.6326196, 1603629465.6351504, 1603629465.637642, 1603629465.6409807, 1603629465.6430666], "episode_lengths": [95, 73, 75, 51, 82, 100, 46, 59, 85, 85, 146, 61, 14, 84, 74, 80, 68, 49, 74, 99, 82, 63, 138, 60, 63, 66, 55, 119, 53, 58, 71, 107, 105, 22, 102, 78, 65, 106, 171, 53, 74, 130, 101, 12, 75, 107, 58, 82, 80, 76, 94, 66, 81, 88, 69, 118, 60, 72, 95, 37, 20, 57, 74, 75, 16, 94, 19, 62, 76, 79, 49, 59, 54, 51, 28, 74, 138, 60, 14, 101, 52, 54, 51, 44, 73, 89, 85, 123, 88, 93, 68, 69, 55, 70, 57, 78, 20, 38, 65, 84, 57, 52, 60, 28, 110, 58, 66, 56, 46, 81, 53, 65, 52, 85, 101, 73, 62, 55, 77, 84, 59, 69, 102, 28, 78, 155, 110, 65, 50, 72, 92, 77, 96, 92, 66, 12, 74, 101, 65, 35, 71, 84, 46, 70, 13, 26, 59, 44, 92, 90, 57, 100, 43, 88, 53, 166, 10, 95, 18, 73, 120, 56, 139, 61, 97, 56, 91, 67, 78, 44, 185, 41, 61, 130, 100, 59, 67, 76, 64, 67, 47, 35, 60, 82, 62, 85, 24, 71, 56, 71, 66, 89, 79, 99, 53, 53, 57, 72, 148, 97, 139, 62, 95, 104, 65, 95, 109, 79, 112, 72, 54, 85, 60, 90, 36, 84, 51, 27, 53, 55, 61, 85, 16, 92, 79, 51, 88, 28, 48, 113, 55, 61, 74, 68, 96, 202, 58, 91, 153, 82, 79, 69, 79, 87, 97, 93, 48, 64, 53, 17, 37, 91, 70, 61, 117, 92, 84, 80, 72, 45, 76, 62, 55, 74, 56, 90, 72, 13, 107, 63, 55, 75, 56, 80, 71, 26, 108, 16, 71, 65, 75, 35, 69, 58, 62, 97, 56, 53, 126, 59, 103, 110, 12, 131, 77, 13, 76, 77, 103, 56],